question,answer_llm,score,reasoning
"How does Ethereum model the blockchain as a state machine, and what role do blocks and transactions play in changing the world state?","Ethereum models the blockchain as a **transaction-based state machine**.

- It starts from a **genesis state**.
- As **transactions** are executed, they **morph** that state into a new current state.
- The current state is treated as the canonical “version” of Ethereum’s world.

In this model:

- **Transactions** are the **valid state transitions**. They describe permissible changes from one state to another.
- **Blocks** bundle transactions and are used to record the sequence of state transitions on the blockchain.
- The **world state** is the mapping of addresses to account states; it is not stored directly on-chain, but its root hash is tied to the blockchain.
- A block is considered valid only if, after executing its transactions in order on the base state, the resulting state matches the block’s recorded **stateRoot**.

So, in short: **transactions change the world state, and blocks commit those changes and anchor the resulting state in the blockchain.**",good,"The answer correctly explains that Ethereum is modeled as a transaction-based state machine starting from a genesis state, that transactions are valid state transitions, and that blocks bundle transactions and record/anchor the resulting state via the state root. This matches the paper’s explanation of blocks as journals of transactions and the world state being updated by executing transactions. It is semantically equivalent to the expected answer."
"What exactly is stored in an Ethereum account, and how are simple accounts different from contract accounts?","According to the Ethereum paper, an account’s state includes four fields:

- **nonce**: the number of transactions sent from the address, or for code-bearing accounts, the number of contract creations made by the account
- **balance**: the amount of Wei owned by the address
- **storageRoot**: the root hash of the Merkle Patricia tree encoding the account’s storage
- **codeHash**: the hash of the EVM code associated with the account

The paper also says there are two practical types of accounts:

- **Simple accounts / non-contract accounts**: these have **empty associated EVM code**, and their balance is controlled by an external entity
- **Contract accounts**: these have **non-empty associated EVM code**, so the account represents an autonomous object

So, in short: Ethereum accounts store balance, nonce, storage root, and code hash; the main difference is that simple accounts have no code, while contract accounts do.",good,"The answer correctly identifies the four fields in an Ethereum account state: nonce, balance, storageRoot, and codeHash. It also correctly explains that simple (non-contract) accounts have empty EVM code, whereas contract accounts have non-empty code and thus represent autonomous objects. This matches the paper's description."
"How do Ethereum transaction types work now, especially legacy, EIP-2930, and EIP-1559 transactions with gas fields and access lists?","Ethereum currently has three transaction types under EIP-2718:

- **Type 0: legacy**
- **Type 1: EIP-2930**
- **Type 2: EIP-1559**

Common fields across transaction types include:

- `type`
- `nonce`
- `gasLimit`
- `to`
- `value`
- `data`
- `v`, `r`, `s` for the signature

From the paper:

- **Legacy transactions** do **not** have an `accessList`.
- For legacy transactions, `chainId` and `yParity` are combined into one value `w` via EIP-155.
- **Type 1 and Type 2** transactions include:
  - `accessList`: a list of access entries used to “warm up” accounts/storage
  - `chainId`
  - `yParity`

Gas fields differ by type:

- **Type 0 and Type 1**
  - use a single `gasPrice`
  - `gasPrice` must be at least the block’s `base fee` for inclusion
  - any amount above the base fee is effectively the priority fee

- **Type 2 (EIP-1559)**
  - uses:
    - `maxFeePerGas`
    - `maxPriorityFeePerGas`
  - `maxFeePerGas` is the maximum total fee per gas the sender is willing to pay, including base fee + priority fee
  - `maxFeePerGas` must be at least the block `base fee` to be included
  - `maxPriorityFeePerGas` caps the tip paid to the block’s fee recipient

Also, since EIP-1559, every included transaction must pay a **base fee**, which is burned. The base fee is constant within a block and adjusts based on previous block gas usage.

So in short:

- **Legacy (type 0):** `gasPrice`, no `accessList`
- **EIP-2930 (type 1):** `gasPrice` + `accessList`
- **EIP-1559 (type 2):** `maxFeePerGas` + `maxPriorityFeePerGas` + `accessList`

If you want, I can also summarize the exact field differences in a compact table.",good,"The answer matches the paper’s key points: Ethereum has three transaction types under EIP-2718 (0 legacy, 1 EIP-2930, 2 EIP-1559); legacy transactions have no access list and use the combined legacy signature value w for chain ID/y-parity; types 1 and 2 include accessList, chainId, and yParity; types 0 and 1 use gasPrice while type 2 uses maxFeePerGas and maxPriorityFeePerGas, with maxFeePerGas at least the base fee and the priority fee capped by maxPriorityFeePerGas. It also correctly notes the base fee is burned and adjusts with block gas usage. Minor extra details are fine."
"What changes in block validation and finalization after the Shanghai upgrade, especially with withdrawals and the proof-of-stake consensus layer?","After the Shanghai upgrade, block validation on Ethereum’s execution layer changed so that blocks must include and process validator withdrawal operations before the block reaches its final state.

Key points from the paper:
- The Ethereum consensus layer is now the Beacon Chain, which determines canonical history after the Paris transition.
- Since Shanghai, a block’s contents include a new field `W`, “a collection of validator’s withdrawal pushed by the consensus layer.”
- The paper explicitly notes that “since the Shanghai fork, blocks also need to process withdrawal operations in order to reach their final state.”
- Shanghai itself was activated on the execution layer by the first produced block after the scheduled timestamp.

In short:
- Before Shanghai, block validation/finalization did not include withdrawals.
- After Shanghai, execution-layer block processing must apply consensus-layer withdrawal operations.
- Finalization of a block now depends on this extra withdrawal-processing step.
- The proof-of-stake consensus layer remains the Beacon Chain, which supplies the canonical-chain decisions and pushes withdrawals to the execution layer.",good,"The answer captures the key change: after Shanghai, blocks must process withdrawal operations as part of reaching their final state, and it correctly mentions that withdrawals are pushed from the Beacon Chain consensus layer to the execution layer. It also correctly notes the Beacon Chain as the post-Paris consensus layer. The explanation is semantically aligned with the paper’s statement that block validity/final state now depends on executing transactions followed by withdrawals. Minor extra wording about validation/finalization is acceptable."
"How does gas pricing work in Ethereum, and why do base fee and priority fee affect whether a transaction gets included?","In Ethereum’s EIP-1559 fee model, a transaction pays:

- **Base fee**: a per-gas amount that is **burned**
- **Priority fee**: a per-gas tip that goes to the validator

The paper says the **total fee** is:

> base fee per gas + priority fee per gas, multiplied by gas used.

### Why base fee matters for inclusion
The **base fee is mandatory** for every included transaction. A transaction can only be included if it can cover the current block’s base fee.

- For **type 2 transactions**, `maxFeePerGas` must be **at least as high as the base fee**.
- For **type 0/1 transactions**, `gasPrice` must also be **at least as high as the base fee**.

If not, the transaction cannot be included in that block.

### Why priority fee matters for inclusion
The **priority fee** is the incentive for validators to choose your transaction. Since validators receive the priority fee, a higher tip makes a transaction more attractive when there is competition for block space.

So:

- **Base fee** determines whether the transaction is even valid for inclusion
- **Priority fee** affects how likely a validator is to include it quickly

### How the base fee changes
The base fee is **dynamic**:

- If the previous block used **more gas than the target**, the base fee **increases**
- If it used **less gas than the target**, the base fee **decreases**

This mechanism adjusts blockspace price according to demand.

In short: **a transaction gets included only if it can pay the current base fee, and among valid transactions, a higher priority fee makes inclusion more attractive to validators.**",good,"The answer correctly explains Ethereum gas pricing under EIP-1559: base fee is burned, priority fee is a validator tip, base fee must be covered for inclusion, and higher priority fee increases inclusion likelihood. It also correctly notes that base fee adjusts with demand. This matches the paper’s description and answers why both fees affect inclusion."
How does the state machine approach actually make a distributed service fault tolerant?,"The state machine approach makes a distributed service fault tolerant by **replicating the service state machine on multiple servers** and ensuring that **all replicas process the same requests in the same order**.

From the paper’s description, the key idea is:

- **Replicate servers** so one failure does not stop the service.
- **Coordinate client interactions with the replicas** so replicas stay consistent.
- If each replica starts in the same state and receives the same sequence of commands, then each replica will produce the same results and end in the same state.
- When one replica crashes or behaves incorrectly, the others still hold the correct state and can continue serving requests.

The paper also notes that this approach is a general framework for fault-tolerant services, and it covers:
- **fail-stop failures**, where crashed replicas are masked by the remaining replicas;
- **Byzantine failures**, where more replication and stricter coordination are needed.

In short: **fault tolerance comes from redundancy plus deterministic, ordered execution**, so the service can keep operating even if some replicas fail.",good,"The answer correctly explains the core mechanism: replicate the state machine, ensure all replicas process the same requests in the same order, and combine outputs so failures of some replicas are masked. It also correctly mentions the distinction between fail-stop and Byzantine failures and the need for more replication under Byzantine faults. This is semantically aligned with the paper’s explanation of fault tolerance via replica coordination (Agreement and Order)."
"What’s the difference between Byzantine and fail-stop failures in this tutorial, and why does that change the replica count?","In the tutorial, the difference is:

- **Byzantine failures**: a faulty replica can behave arbitrarily or maliciously, so it may send incorrect or conflicting outputs.
- **Fail-stop failures**: a faulty replica stops and can be detected as failed, so it does not produce bad outputs.

That changes the replica count because the system needs a different way to ensure at least one correct result:

- With **Byzantine failures**, the tutorial says you need **at least 2t + 1 replicas** for a *t*-fault-tolerant state machine, and you use the **majority output**. A majority is needed because some replicas may lie or disagree, so the correct value must outvote the faulty ones.
- With **fail-stop failures**, **t + 1 replicas** are enough, and the output can come from **any member**. This works because fail-stop replicas only stop; they do not produce incorrect outputs, so after up to *t* failures, at least one correct replica remains among the *t + 1*.

So the short reason is: **Byzantine faults require quorum/majority to filter bad answers; fail-stop faults only require enough replicas to survive stoppages.**",good,"The answer correctly distinguishes Byzantine failures as arbitrary/malicious behavior and fail-stop failures as detectable stopping without incorrect outputs. It also correctly explains the replica-count difference: 2t+1 with majority for Byzantine, t+1 for fail-stop because any surviving replica’s output is correct. This matches the tutorial’s key point."
How do replicas stay in sync so they process requests in the same order?,"Replicas stay in sync by using a **replicated log / consensus protocol** so that **each replica processes the same commands in the same order**.

From the papers:
- In replicated state machines, **each server stores a log containing a series of commands**, and the state machine executes them **in order**.
- **Each log contains the same commands in the same order**, so every replica processes the same sequence of commands.
- Because the state machines are **deterministic**, they compute the **same state and outputs**.

Raft also notes that extra mechanisms are needed to ensure replicas really execute **exactly the same commands in the same order**, not just mostly similar ones.",good,"The answer captures the core idea that replicas stay in sync by agreeing on a common ordered sequence of requests/commands and then executing them deterministically. However, it introduces 'replicated log / consensus protocol' language that is not from the provided paper, which focuses on agreement and order (e.g., reliable broadcast and total ordering) rather than a specific log-based protocol like Raft. Despite this extra terminology, the semantic answer to the question—same commands in the same order, deterministically processed—is correct."
"Why is a single voter not enough for output, especially when the output goes to an external device?","A single voter is not enough because a single failure in the voter can stop the system from producing the correct output. For outputs sent to an external device, that device is itself a single component whose failure also cannot be tolerated.

The usual solution is to replicate both the output device and the voter. The replicas produce outputs to separate devices, and the external reader combines those outputs; that reader effectively acts as the critical voter, and is considered outside the computing system.",good,"The answer captures the paper’s key point: a single voter is a single point of failure, and for outputs going outside the system you also must tolerate failure of the output device itself, so the usual remedy is replication plus an external reader/combiner. This matches the original explanation semantically."
"What does reconfiguration mean here, and how can a repaired replica be added back without breaking consistency?","In this context, **reconfiguration** means **changing the set of replicas/components that make up the fault-tolerant system**—for example, removing a faulty replica and later adding a repaired one back into the active configuration.

The paper on the **state machine approach** discusses **dynamic reconfiguration** and specifically **integrating a repaired object**. The key idea is that a repaired replica must first be brought **up to date with the current system state** before it can safely participate again. That way, it does not reintroduce an old or inconsistent state into the replica group.

So, a repaired replica can be added back **without breaking consistency** by:

1. **Treating it as outside the active configuration while it is repaired**.
2. **Copying or reconstructing the current correct state/history to it** so it matches the other replicas.
3. **Only then including it in the configuration** so it can start processing requests consistently with the others.

The search results indicate this is exactly the concern addressed by the paper’s section on **“Integrating a Repaired Object”** and **dynamic reconfiguration**.",good,"The answer correctly captures the core meaning of reconfiguration as changing the active set of replicas/components, including removing faulty ones and adding repaired ones back. It also correctly states that a repaired replica must be brought up to date with the current state before rejoining so consistency is preserved. Although it is somewhat generic and does not mention the paper’s specific mechanisms (configuration valid by request range, sending state/relayed requests, stability test during restart), the essential idea is present and accurate."
How does PageRank decide which web pages are more important using links instead of just counting backlinks?,"PageRank does **not** treat all backlinks equally. According to the paper, it assigns more importance to links coming from pages that are themselves important.

In the PageRank view:
- A page has higher rank if the **sum of the ranks of its backlinks** is high.
- So a backlink from a highly ranked page counts more than a backlink from an ordinary page.
- It also **normalizes by the number of outgoing links** on the linking page, so a page “votes” less strongly if it links to many other pages.
- This is computed **recursively**: important pages help make the pages they link to more important.

So instead of just counting how many backlinks a page has, PageRank measures **who is linking to it** and **how strongly those linking pages can pass rank along**.",good,"The answer correctly explains the key idea from the paper: PageRank is recursive, giving more weight to backlinks from important pages, and it divides a page's rank among its outgoing links rather than just counting backlinks. This matches the paper's description that a page is important if the sum of the ranks of its backlinks is high. The extra detail about normalization by outgoing links is also correct."
"What exactly is the random surfer idea behind PageRank, and how does it relate to ranking pages?","The **random surfer** idea models a web user who:

- starts on a random page,
- follows links at random from page to page,
- and occasionally gets bored and jumps to a random page.

In the PageRank papers, the key point is:

- **The PageRank of a page is the probability that the random surfer is on that page in the long run.**
- Pages get higher rank if they are visited more often by this process.

So PageRank is not just counting links equally. Instead, it ranks pages by **how much “random traffic” they attract** from other pages, especially from pages that themselves have high rank.

The damping factor controls the boredom/jump behavior:

- with probability \(d\), the surfer “gets bored” and jumps to a random page,
- otherwise, the surfer follows a link.

This makes PageRank a **stationary probability distribution** over pages, and that distribution is used as the page ranking. In short: **important pages are those a random surfer is more likely to land on.**",good,"The answer correctly explains the random surfer model as a user following links at random and occasionally jumping to a random page when bored, and correctly connects PageRank to the long-run probability of being on a page. It also captures that pages with more incoming links from important pages get higher rank. However, it slightly misstates the damping factor behavior: in the paper, the surfer follows links most of the time and jumps with the boredom/source probability, not the other way around. This is a minor inaccuracy, but because the core idea is otherwise correct and complete, it is still semantically equivalent overall."
"Why does the paper say simple link-counting can fail on the web, especially with loops or pages with no outlinks?","The paper says simple link-counting can fail because the Web’s link graph is not well-behaved.

From the PageRank paper:
- **Loops can become “rank sinks.”** If pages link to each other in a closed loop and do not link out, rank can accumulate inside the loop but never get redistributed, so the loop traps importance instead of letting it flow through the Web.
- **Pages with no outlinks create “dangling links.”** If a page has no outgoing links, the model doesn’t know how to distribute its weight. This causes weight to disappear from the system unless special handling is added.

So the problem is that naive counting treats all links too simply, while the Web contains structures that break the assumption that rank can always flow onward.",good,"The answer captures the key point from the paper: simple link-counting/PageRank-style propagation can fail because closed loops trap rank as a sink, and pages with no outlinks are dangling links whose weight cannot be distributed. It also correctly explains that this breaks the assumption of straightforward rank flow. This is semantically aligned with the paper’s explanation."
How is PageRank actually computed for huge web graphs without it taking forever?,"PageRank on huge web graphs is usually computed as a **distributed iterative algorithm**, not as a single giant matrix operation.

From the papers in my database:

- PageRank is expressed as **repeated iterations** over the graph until convergence.
- In **Pregel**, each vertex receives PageRank contributions from the previous superstep, sums them, updates its rank, and sends messages to out-neighbors. The paper gives the update form:
  - new rank = `0.15 / NumVertices() + 0.85 × sum`
  - after enough supersteps, vertices vote to halt; in practice, the system runs until convergence.
- The key idea is to run the computation on **clusters of commodity machines**, so the graph is partitioned and processed in parallel.
- The PageRank paper models this as a **random surfer** with a **damping factor**; the rank is the stationary distribution of that process.

The bottleneck is avoided by using systems built for large-scale iteration:

- **MapReduce** can implement PageRank, but the PageRank-related chunks note that iterative algorithms require many jobs and manual orchestration.
- **HaLoop** points out that standard MapReduce does not directly support iterative computations like PageRank, so frameworks add loop-aware support to reuse data across iterations.
- **Pregel** is more suitable because it is **vertex-centric**, **message-passing**, and designed specifically for large-scale graph processing.

So, in short: PageRank is computed by **parallel iterative updates over distributed graph partitions**, often with a framework like **Pregel** or an iterative extension such as **HaLoop**, until the ranks converge.",bad,"The answer captures the core idea that PageRank is computed by repeated iterative updates until convergence and that large-scale systems use distributed processing to make this feasible. However, the provided paper content specifically explains the implementation as storing the graph sorted by Parent ID, removing dangling links, using linear disk access, multiple passes if RAM is insufficient, and that each iteration can be completed quickly; it does not mention Pregel, MapReduce, or HaLoop. Since the answer introduces unsupported frameworks and misses the paper’s concrete computation strategy, it is not semantically equivalent to the expected answer."
"What are some real uses of PageRank besides search, like personalized results, traffic estimation, or navigation tools?","According to the PageRank paper, some real uses beyond search include:

- **Browsing / user navigation:** PageRank can be used as a browsing aid, for example by annotating links with their PageRank so users can judge links before clicking.
- **Traffic estimation:** The paper says PageRank has applications in traffic estimation.
- **Personalized results / personal search:** By changing the PageRank “teleport” distribution, you can create **personalized PageRanks** that give a view of the web from a particular person’s perspective, including using a user’s bookmarks or home page.
- **Representative page selection:** The paper suggests PageRank may help choose representative pages for a cluster center.
- **Filtering commonly used documents:** It could help separate out a small set of frequently used documents that answer many queries.

The paper explicitly states: “We have found a number of applications for PageRank in addition to search which include traffic estimation, and user navigation. Also, we can generate personalized PageRanks which can create a view of Web from a particular perspective.”",good,"The answer correctly identifies the non-search uses mentioned in the paper: user navigation/browsing aids, traffic estimation, and personalized PageRank/personal search. It also adds other applications from the conclusion and later sections, such as representative page selection and identifying commonly used documents, which are consistent with the paper. Overall it conveys the same key information as the original answer and is semantically correct."
"What are the main semantic models of functional reactive programming, and how are behaviors and events treated differently in each one?","The main semantic models of functional reactive programming in the papers are:

1. **Classic FRP (CFRP)**
   - A **behavior** is semantically a **function of time**.
   - An **event** is a **list/set of time-value pairs** (“occurrences”).
   - The distinction is:
     - **Behaviors** model continuous, time-varying state.
     - **Events** model discrete occurrences.

2. **Reactive FRP / “reactive” implementations**
   - Behaviors are still time-varying, but many implementations treat them as **functions of time that are replaced on event occurrences**.
   - Events remain the discrete driver of change, while behaviors are updated in response to events.
   - The survey notes that this is the model used in most implementations.

3. **Push-pull FRP**
   - Behaviors are decomposed into:
     - a **purely discrete reactive value**
     - a **continuous time function**
   - This paper emphasizes that FRP’s “behavior” is not necessarily fully continuous; it can change only at discrete times.
   - Events are the discrete occurrences that trigger updates, while behaviors are split into discrete and continuous parts.

4. **Classic implementation view from the survey**
   - The survey gives sample types:
     - `Behavior a = Behavior (TimeStep -> (a, Behavior a))`
     - `Event a` as the semantic event type
   - Here, behaviors are represented as evolving across time steps, while events are kept as a separate type of instantaneous occurrences.

So, in short:
- **Behavior** = time-varying signal/state
- **Event** = discrete occurrence
- Across the semantic models, the main difference is whether behaviors are treated as:
  - pure functions of time,
  - values updated by events,
  - or decomposed into discrete + continuous components.",bad,"The answer correctly identifies Classic FRP and the signal-function-based model as the main semantic frameworks, and it captures the key distinction that Classic FRP treats behaviors as first-class time functions and events as discrete occurrences, while signal-function semantics do not make behaviors/events first-class and instead represent reactive computation as input-output signal functions with events as a special case. However, it introduces 'Reactive FRP / push-pull FRP' as separate semantic models, whereas in the paper Reactive is presented as an implementation/optimization of Classic FRP, not a distinct main semantic framework. It also misses the paper’s third main semantic model, N-ary FRP, which treats signals as signal vectors and reintroduces events as separate from signals. Because of these omissions and the misclassification of Reactive/Push-pull as main semantic models, the answer is not semantically equivalent to the source."
Why did signal functions become popular in FRP instead of using classic behavior-and-event semantics directly?,"Signal functions became popular in FRP mainly because they solved practical problems that classic behavior/event semantics made hard to manage:

- **They reduce time and space leaks.** In classic FRP, behaviors can depend on past, present, and future values, which can accidentally retain too much history. Signal functions make you explicitly carry any state forward, so leaking past time information is much harder.
- **They make input handling much cleaner.** Classic FRP often required library-specific tricks like `unsafePerformIO`/`unsafeInterleaveIO` to supply inputs. With signal functions, inputs are explicit, so evaluation is easier to control.
- **They improve synchronicity and evaluation discipline.** The survey notes that classic FRP had no strong guarantee that a behavior would have a value available at a specific sampling time, and shared behaviors could be re-sampled inconsistently. Signal functions evaluate step-by-step with explicit input and output in the same step.
- **They fit implementation better.** The signal-function model is essentially “input sample + time step → output sample + continuation,” which is straightforward to implement and reason about.

So, compared with classic behavior-and-event semantics, signal functions were popular because they were **more implementable, more predictable, and less prone to leaks and input/synchronization problems**.",good,"The answer captures the paper’s main motivations for signal functions: avoiding time/space leaks, making input handling explicit and cleaner than classic FRP’s library tricks, and improving synchronicity/evaluation discipline. It also correctly notes the continuation-based implementation model. This is semantically equivalent to the paper’s explanation."
How do classic FRP implementations and signal-function implementations differ in how they evaluate reactive programs at runtime?,"Classic FRP and signal-function implementations differ mainly in how they execute reactivity at runtime:

- **Classic FRP** is often implemented in a more **pull-based** way, where the system repeatedly **resamples** behaviors/expressions to get outputs. This can lead to **continuous re-evaluation**, including re-evaluating event non-occurrences, and newer implementations may fail to preserve **sharing**, so behaviors may need to be sampled again whenever evaluated.
- **Signal-function implementations** make the flow of computation more explicit: they take **explicit inputs**, compute a **time step plus input**, and observe the output for that same step in the same evaluation. This makes runtime evaluation more structured and makes it easier to provide inputs from arbitrary sources.

A key runtime difference is **feedback**:
- In **Classic FRP**, feedback can be expressed by **recursively referring to a delayed behavior**.
- In **signal functions**, a signal function **cannot recursively evaluate itself**; feedback is instead handled through **arrow looping** (`do rec` / `loop` via `ArrowLoop`).

So, in short: **Classic FRP tends to rely on repeated resampling of declarative behaviors**, while **signal functions evaluate in explicit stepwise input-output transitions**, with feedback handled operationally through looping constructs rather than recursive self-evaluation.",good,"The answer captures the main runtime distinction described in the paper: classic FRP is more pull-based/resampling-oriented and can suffer from repeated re-evaluation and sharing issues, while signal functions are evaluated stepwise with explicit input, output, and continuation. It also correctly mentions that feedback in classic FRP can be expressed by recursive delayed behaviors, whereas signal functions use ArrowLoop/do rec because they cannot recursively evaluate themselves. This is semantically equivalent to the paper’s explanation."
"What optimization ideas have been used for FRP systems, like GADTs, lowering, or causal commutative arrows, and what do they actually improve?","The FRP optimization ideas mentioned in the papers are mainly:

- **GADTs-based optimization**
  - Used to recognize and exploit specific FRP combinator patterns that ordinary Haskell types could not express well.
  - In Yampa/signal-function style FRP, GADTs let the implementation mark special properties of continuations and use pattern matching to combine signal functions more effectively at reactivity points.
  - **What it improves:** it makes certain optimization opportunities recognizable and exploitable, reducing unnecessary work in the signal-function network.
  - **Tradeoffs noted:** runtime overhead from pattern matching, plus increased code complexity.

- **Lowering optimization**
  - Described as “efficient and simple.”
  - The survey says it is an appealing optimization approach, but that applying it in a purely functional setting is not obvious.
  - **What it improves:** the paper does not give a detailed performance claim in the excerpt, but it frames lowering as a way to make optimization efficient and simple by transforming the FRP structure into a more optimized form.
  - **Important caveat:** the survey does not state a concrete measured benefit, only that it is promising and easy in spirit.

- **Causal Commutative Arrows (CCA) optimization**
  - CCA optimizations apply to nonreactive signal functions that satisfy certain arrow/loop laws.
  - The survey says these optimizations can work **regardless of the particular implementation technique**, but only for the restricted class of programs that fit the CCA laws.
  - **What it improves:** it can remove overhead by enabling a more optimized normal form and by eliminating unnecessary computation steps; the survey suggests it can optimize away extra work similarly to other “adjacent pure expression” simplifications.
  - **Open question in the survey:** whether the performance gain comes just from the single-loop normal form or requires compiler optimization/JIT to really pay off.

### In short
- **GADTs**: improve the ability to **detect and apply ad hoc dynamic optimizations** in signal-function networks, but add pattern-matching overhead.
- **Lowering**: presented as a **simple, efficient transformation**, but the survey does not pin down a specific measured benefit.
- **CCA optimization**: improves **static optimization of certain causal/commutative signal functions**, mainly by removing unnecessary computation and supporting a simpler normal form.

If you want, I can also summarize these **by paper** or **compare their target costs** (runtime overhead, re-evaluation, compiler optimization, etc.).",good,"The answer captures the main optimization ideas discussed in the paper: GADTs for dynamic optimization in Yampa, lowering in FrTime, and Causal Commutative Arrows for static reduction/normal form. It also correctly notes the improvements: recognizing optimization opportunities and reducing unnecessary work for GADTs, eliminating overhead from pure signals notifying pure signals for lowering, and enabling compiler optimization on a reduced pure expression for CCA. The caveat that lowering is described as efficient/simple is also consistent, though the answer is slightly vague about its concrete benefit. Overall semantically equivalent."
"What practical applications has FRP been shown to work for, such as games, robotics, or sound synthesis, and what are the current limitations?","FRP has been shown to work in several practical application areas:

- **Animation / graphics**
- **Games** — including a rewrite of **Space Invaders**
- **Robotics** — including **simulated robotics**
- **Sound synthesis / audio processing** — including a **modular sound synthesizer**
- Also **GUI applications** and **web applications** are demonstrated in related FRP work

Current limitations reported in the papers include:

- **Performance is not yet predictable enough** in many FRP implementations
- They are often **not efficient enough for low-latency domains**
- This is especially a problem for applications with **latency guarantees** and **short sampling intervals**, such as **sound** and **dynamic control systems**
- There is still **no implementation combining strong static safety guarantees** like **termination of sample computation** with **optimized performance**
- Earlier FRP systems can suffer from **space and time leaks**, which motivates more restricted or arrow-based designs

So, FRP has been demonstrated in real applications like games, robotics, and audio, but the main remaining challenge is making implementations **efficient, leak-free, and predictably low-latency**.",good,"The answer correctly identifies the main practical applications explicitly mentioned in the paper: animation, games (Space Invaders), robotics, and sound synthesis/modular synthesizer. It also accurately summarizes the stated limitations: insufficient efficiency and predictability for low-latency domains, especially sound and dynamic control systems, lack of combined static safety guarantees with optimized performance, and issues like time/space leaks. However, it adds GUI and web applications as demonstrated applications, which the paper only lists as possible further applications rather than demonstrated ones. This extra detail does not negate the core correctness, but the statement about those applications being demonstrated is incorrect. Still, the core answer to the question is substantially right."
"How does Martin-Löf distinguish between a proposition and a judgement in these lectures, and why does that distinction matter for logic?","Martin-Löf distinguishes them as follows:

- A **judgement** is something one *asserts* or *knows* — an act of knowing, or an evidence-bearing assertion.
- A **proposition** is something that can be *true* or *false*.

The lecture text explicitly pairs them like this:

- **judgement** ↔ **proposition**
- **evident judgement** ↔ **true proposition**

It also says that an **evident judgement** is “a piece, or an object, of knowledge,” and that to judge is the same as to know.

Why this matters for logic:
- It separates **having evidence/knowledge** from merely **stating a proposition**.
- In intuitionistic logic, this distinction is crucial because logical validity is tied to **proof/evidence**, not just abstract truth values.
- So logic is not just about propositions in the abstract, but about the judgements we can actually justify.

In short: for Martin-Löf, propositions are objects of logic, while judgements are acts of asserting or knowing them; this matters because intuitionistic logic is grounded in evidence, not in truth detached from proof.",good,"The answer captures the key distinction Martin-Löf makes: propositions are what can be true or false, while judgements are acts of asserting/knowing, and the crucial correspondence between evident judgement and true proposition is mentioned. It also correctly states why the distinction matters: logic is tied to proof/evidence rather than bare truth-values, which fits the lecture’s intuitionistic perspective. This is semantically aligned with the source."
"What does he mean by saying that a proof is the same as evidence, or that proving something is really an act of knowing it?","He means this in the constructive-logic sense: a proof is not just a symbolic derivation, but the very thing that makes a proposition evident or known.

From the paper:

- “to prove” means “to get to know” or “to make evident”
- “to have proved” means “to know”
- “proof and knowledge are the same”

So the point is that a proof is evidence in the strong sense that it *constitutes* knowledge of the proposition. Proving something is therefore the act of acquiring that knowledge, not merely checking that a statement has some abstract truth value.",good,"The answer captures the core claim accurately: in Martin-Löf’s account, proof is evidence because a proof makes a judgement evident, and proving is an act of knowing/getting to know. It also correctly notes that proof is not merely a symbolic derivation but something that constitutes knowledge. This is semantically equivalent to the paper’s explanation."
"How are the meanings of connectives like implication, conjunction, disjunction, and falsehood explained through formation and elimination rules?","According to Martin-Löf-style natural deduction, the meaning of a connective is given by its **introduction** and **elimination** rules:

- **Introduction rules** explain **what counts as a proof/verification** of the connective.
- **Elimination rules** explain **how a proof/verification of the connective can be used**.

For the main connectives:

- **Implication** \(A \to B\)
  - **Introduction**: if, under the assumption that \(A\) holds, you can derive \(B\), then you may infer \(A \to B\).
  - **Elimination**: from \(A \to B\) and \(A\), infer \(B\) (modus ponens).

- **Conjunction** \(A \wedge B\)
  - **Introduction**: to prove \(A \wedge B\), you must prove both \(A\) and \(B\).
  - **Elimination**: from \(A \wedge B\), you may infer \(A\); and also infer \(B\).

- **Disjunction** \(A \vee B\)
  - **Introduction**: to prove \(A \vee B\), it is enough to prove either \(A\) or \(B\).
  - **Elimination**: if you know \(A \vee B\), and you can derive the same conclusion from \(A\) and from \(B\), then you may conclude that result.

- **Falsehood** \(\bot\)
  - **Introduction**: there is no introduction rule, since falsehood has no proof.
  - **Elimination**: from \(\bot\), anything follows.

So the overall idea is: **introduction rules define the connective, elimination rules describe its use**.",good,"The answer captures the core Martin-Löf idea correctly: meanings of connectives are explained by formation/introduction rules and elimination rules, with introductions specifying what counts as a proof/verification and eliminations specifying how such a proof is used. It also correctly summarizes implication, conjunction, disjunction, and falsehood in the standard way. This is semantically aligned with the paper's account, even if it is much more concise and uses more familiar natural-deduction wording."
"Why does he reject the idea that truth is just a proposition being true, and instead tie truth to verifiability or knowability?","He rejects “truth = a proposition being true” in the classical, detached sense because in these papers truth is treated intuitionistically: a proposition counts as true only when there is evidence or a proof of the judgement that it is true.

The key points from the text are:

- “A proposition is true if and only if the judgement that it is true is provable.”
- Evidence/judgement is linked with knowledge: “to judge is the same as to know.”
- So truth is tied to what can be verified or known, not to an unknowable abstract truth-value.
- Likewise, falsity is analyzed as “not true,” i.e. “not verifiable” / “cannot be verified.”

So the reason is philosophical and methodological: he wants truth to be grounded in verification or knowability, because for him a proposition’s meaning is given by how it can be proved or verified, not by a truth property independent of possible evidence.",good,"The answer correctly captures Martin-Löf’s main point: he rejects a detached, classical notion of truth and instead ties truth to proof/evidence/verification and knowability. It also correctly notes that truth is taken as provability of the judgement that the proposition is true, and that falsity is non-verifiability. This is semantically equivalent to the expected answer."
"What is a hypothetical judgement in Martin-Löf's account, and how is it different from just a formal inference or a logical consequence?","In Martin-Löf’s account, a **hypothetical judgement** is a judgement whose validity depends on some assumptions, e.g. “from \(A\) we can infer \(B\).” It is not just the raw statement of a relation between propositions; it is the **judgement that there is a proof/inference** from the assumptions to the conclusion.

The key difference from a mere **formal inference** or **logical consequence** is this:

- A **logical consequence** is the abstract relation “\(B\) follows from \(A\).”
- A **hypothetical judgement** is the judgement that this consequence holds **because there is a proof of it**.
- A **formal inference** is the concrete proof object or derivation establishing that consequence.

So, in Martin-Löf’s wording, the difference is that **an inference is a proof of a logical consequence**; the premises become premises and the conclusion becomes conclusion **only in the presence of such a proof**. Without a proof, you just have a consequence relation, not a hypothetical judgement.",good,"The answer captures Martin-Löf’s core idea that a hypothetical judgement is a judgement under assumptions and that it is tied to proof, not merely to an abstract consequence relation. It also correctly notes that an inference is a proof of a logical consequence. However, it slightly blurs Martin-Löf’s distinction by saying the hypothetical judgement is “the judgement that there is a proof/inference,” whereas in the paper the hypothetical judgement itself is the consequence judgement under hypotheses, and the proof is what establishes it. Still, the essential difference from mere logical consequence/formal inference is correctly conveyed."
"What are the main differences between QSBR, EBR, and hazard-pointer-based reclamation when you care about speed in lockless code?","The paper says the main speed-related differences are:

- **QSBR**: fastest per operation in the common case because it has **no per-operation fences**, so its overhead can be very low.  
  - But it is **blocking**: a slow or failed thread can prevent a grace period, so reclamation may stall and memory can grow unbounded.

- **EBR**: also **blocking**, like QSBR, because it relies on grace periods.  
  - But it has **higher per-operation overhead** than QSBR because it needs **two fences per operation**: one on entering a critical region and one on exiting.
  - The paper explicitly says a key difference between QSBR and EBR is EBR’s **two fences**, and that **EBR’s overhead can exceed HPBR**.

- **Hazard-pointer-based reclamation (HPBR)**: **non-blocking**, so it avoids the grace-period blocking problem.  
  - Its main speed cost is **per-node fencing and validation**: it requires a fence between setting a hazard pointer and validating it, so the overhead is roughly **one fence per visited node**.
  - It can be slower in read-heavy traversals because that cost is paid repeatedly, but it avoids the blocking behavior of QSBR/EBR.

In short:

- **QSBR**: lowest per-op overhead, but blocking and potentially unbounded memory growth.
- **EBR**: still blocking, but more overhead than QSBR because of two fences per operation.
- **HPBR**: non-blocking, but pays per-node fence/validation overhead.

So if you care **only about raw speed**, QSBR is often cheapest per operation, but the paper warns that its blocking behavior can make it risky in practice; EBR is usually worse than QSBR on overhead; HPBR is often the safer non-blocking choice, but with higher per-access cost.",good,"The answer correctly captures the paper’s main performance distinctions: QSBR has the lowest per-operation overhead because it has no per-operation fences; EBR is blocking like QSBR but adds two fences per operation and is therefore slower; HPBR is non-blocking but incurs per-node hazard-pointer setting/validation overhead, including a fence per visited node, which hurts traversal-heavy workloads. It also correctly notes the tradeoff that QSBR/EBR can suffer from stalled grace periods and memory exhaustion. This is semantically aligned with the paper’s comparison focused on speed."
"Why can memory reclamation become the bottleneck in lock-free data structures, even more than locking itself?","Memory reclamation can become the bottleneck because lock-free algorithms avoid blocking on locks, but they still must safely decide when removed nodes can be freed. That safety usually requires extra synchronization work on the fast path or during reclamation itself.

From the papers in my database:

- **Atomic instructions and fences dominate cost** in some lock-free settings. One paper notes that “atomic instructions such as fences are the dominant cost” in the base case.
- **Hazard-pointer-based schemes add overhead** because a thread must publish hazard pointers and, when reclaiming, search the hazard-pointer array to see whether a node is still protected.
- **Epoch/quiescent-state schemes can stall**: if threads do not advance quiescent states or epochs, reclamation is delayed and memory accumulates.
- **Update-intensive workloads make this worse** because many operations remove nodes, so reclamation runs often and its overhead is repeatedly paid.
- In some cases, this can outweigh locking overhead because locks may be cheap in low-contention or short critical-section cases, while reclamation requires extra atomic operations, fences, scanning, and bookkeeping on every access or deletion.

So the key idea is: **lock-free avoids lock contention, but safe memory reclamation introduces its own synchronization and scanning costs, which can become the true hot path bottleneck.**",good,"The answer captures the core point from the paper: memory reclamation in lock-free structures requires extra synchronization (fences, atomics, hazard-pointer scans, epoch/quiescent-state bookkeeping) and can stall or add repeated overhead, sometimes exceeding the cost of locking. It also mentions workload effects and the idea that reclamation can become the hot-path bottleneck. This is semantically consistent with the paper’s explanation that reclamation overhead may be worse than locking itself, especially due to per-operation atomic instructions and stalled grace periods. "
How do thread preemption and workload type affect whether QSBR or EBR will run into memory exhaustion?,"According to the paper, **both QSBR and EBR can run into memory exhaustion when threads are preempted**, because preemption can prevent grace periods from completing and delay reclamation.

The effect also depends on the **workload type**:

- **Read-only / less write-heavy workloads:** the paper highlights preemption as the main risk; QSBR and EBR can suffer if a thread is delayed long enough.
- **Write-heavy workloads:** the problem is worse. The paper says that **preemption plus write-heavy workload behavior can exhaust all memory** for QSBR and EBR.
- In the specific out-of-memory test, if threads **busy-wait instead of yielding** when allocations fail, **QSBR and EBR quickly exhaust the free-memory pool**, because spinning threads prevent grace periods from finishing.

So the short answer is:

- **Preemption alone can cause memory exhaustion for QSBR and EBR.**
- **Write-heavy workloads make exhaustion more likely and more severe.**
- **Busy-waiting under memory pressure exacerbates the problem further.**

The paper contrasts this with **HPBR**, which performs better under these conditions because it is more fault-tolerant.",good,"The answer captures the key paper result: QSBR and EBR are blocking schemes that can run into memory exhaustion when threads are preempted or delayed, because grace periods cannot complete. It also correctly notes that write-heavy workloads make this worse and that busy-waiting on allocation failure quickly exhausts memory. The mention of HPBR being more fault-tolerant is consistent with the paper, though not essential. Overall semantically equivalent to the source answer."
Why does hazard pointer reclamation get slower on long linked-list traversals or tree walks?,"Hazard pointer reclamation slows down on long linked-list traversals or tree walks because the cost of reclamation depends on how many hazard pointers must be checked, and that number can grow with traversal depth and data-structure complexity.

From the papers:

- In hazard-pointer-based reclamation, a thread protects each node it may still access by publishing a hazard pointer.
- Reclamation then scans hazard pointers to see which retired nodes are still protected.
- For linked lists, the number of hazard pointers needed is small: the paper says queues and linked lists need 2 hazard pointers.
- But for general tree or graph traversal, the paper says there is “no upper bound on K,” meaning the traversal may need many hazard pointers.
- The reclamation routine reclaims nodes in batches, and scanning all hazard pointers becomes more expensive as the number of protected nodes grows.
- One paper also notes that increasing the batch size amortizes overhead, but at the cost of more memory usage.

So the slowdown comes mainly from:
1. more hazard pointers being published during long traversals,
2. more expensive scans during reclamation,
3. and less opportunity to reclaim retired nodes quickly while those pointers remain live.

In short: long traversals keep more nodes “hazardous” for longer, so reclamation has to do more work and waits longer before it can free memory.",good,"The answer captures the key idea from the paper: hazard-pointer reclamation suffers on long traversals because HPBR has per-node overhead, requiring a fence and hazard-pointer publication/validation for each visited node, and the paper explicitly says list/tree traversals that visit many nodes can make HPBR slow. However, it adds some slightly off-focus details about reclamation scanning costs and hazard-pointer counts growing with traversal complexity; while broadly related, the central reason in the paper is the per-node atomic/fence overhead during traversal, not primarily reclamation scans. Still, the semantic answer is essentially correct."
Is there a hybrid reclamation approach that keeps the low overhead of QSBR but avoids needing explicit quiescent states?,"Yes. The paper describes **NEBR (new epoch-based reclamation)** as a hybrid-style improvement that is **almost as fast as QSBR but does not require quiescent states**.

From the search result:
- “**NEBR is attractive because it is almost as fast as QSBR, but does not require quiescent states.**”
- It works by moving the flag handling to the **application level** so the fence overhead can be amortized over more operations.

So the answer is: **NEBR**.",good,The AI answer correctly identifies NEBR as the scheme described in the paper that combines aspects of EBR/QSBR and is almost as fast as QSBR while avoiding explicit quiescent states. It also accurately notes that the application-level flag handling amortizes overhead. This matches the paper’s Section 6.2 closely.
How does this FAA-based FIFO queue become wait-free without using CAS retries all the time?,"This FAA-based FIFO queue becomes wait-free by using a fast-path/slow-path transformation, not by repeatedly retrying CAS.

From the paper:
- The original FAA queue is **obstruction-free** and uses FAA for ticket allocation, but a naive version still has CAS-based loops that can livelock under contention.
- The wait-free version is built by applying the **fast-path-slow-path methodology** to that FAA-based queue.
- FAA is attractive because it is **guaranteed to succeed**, unlike CAS which can fail and waste work under contention.
- The queue also uses a **custom epoch-based memory reclamation scheme** so that it can stay fast without extra fences on the common path.

So the key idea is:
1. Use **FAA** to assign unique enqueue/dequeue positions.
2. Keep the common case on a **fast path** with low overhead.
3. Use a **slow path** only when needed to guarantee progress for every thread.
4. Avoid dependence on unbounded CAS retries, which is what prevents wait-freedom in the simpler design.

In short: it becomes wait-free by structuring the algorithm so that each operation can complete in a bounded number of steps, with FAA handling contention-friendly coordination and the slow path ensuring progress.",good,"The answer captures the core idea: the queue is made wait-free via the fast-path/slow-path methodology, with FAA used for coordination and a slow path guaranteeing completion, rather than relying on endless CAS retries. It also correctly notes the obstruction-free base queue and the custom epoch-based reclamation. This is semantically equivalent to the paper’s explanation, though it is a bit general and omits the specific helping mechanism that enforces wait-freedom. That omission does not change the main answer."
Why is fetch-and-add a better fit here than compare-and-swap under heavy contention?,"Fetch-and-add is a better fit under heavy contention because it is guaranteed to succeed, so threads don’t repeatedly waste work retrying failed updates. By contrast, compare-and-swap (CAS) in retry loops can fail many times when many threads contend for the same location, causing a “CAS retry problem” and a drop in throughput.

So the key advantage is:

- **FAA:** one atomic operation that succeeds, even with many contenders
- **CAS:** may repeatedly fail under contention, wasting work and hurting scalability

The paper says that under high contention, CAS-based algorithms may perform poorly due to work wasted by CAS failures, while FAA-based coordination can in principle perform better.",good,"The answer correctly states the main point from the paper: FAA is guaranteed to succeed, so it avoids wasted retries/work under contention, whereas CAS in retry loops can fail repeatedly and suffer the CAS retry problem, hurting throughput/scalability. This matches the paper’s explanation closely."
What role does the fast-path / slow-path split play in making enqueue and dequeue complete in bounded steps?,"The fast-path / slow-path split is what turns a mostly efficient queue into a wait-free one with bounded-step completion.

From the paper, the operation first tries the fast-path for a limited number of failures; if it does not succeed, it falls back to the slow-path, which is designed to guarantee completion within a finite number of attempts. The key role of the split is:

- **Fast-path:** handles the common case quickly, usually with low overhead.
- **Slow-path:** provides the **progress guarantee**. Even if contention prevents the fast-path from succeeding, the slow-path ensures the operation eventually finishes.
- **Bounded steps:** because the fast-path is tried only up to a threshold, no operation can retry forever there. Once it switches to the slow-path, the algorithm’s helping mechanisms ensure completion in a bounded number of steps.

For this queue specifically, the paper says:
- a **slow-path enqueue** will complete because helpers will eventually assist it;
- a **slow-path dequeue** will complete because contending dequeuers help it and the traversal needed is bounded.

So the split is not just an optimization: it is the mechanism that combines **fast average-case performance** with **wait-freedom / bounded completion time**.",good,"The answer correctly explains that the fast-path is a limited, efficient attempt and the slow-path guarantees completion, ensuring bounded-step progress. It captures the key point that operations do not retry forever on the fast-path and that the slow-path's helping mechanisms ensure eventual completion. This is semantically equivalent to the expected answer."
How does the paper make the queue linearizable while still allowing helpers to finish other threads' operations?,"The paper preserves linearizability by tying each operation’s linearization point to a specific atomic update on the queue’s shared indices/cells, while constraining helpers so they cannot “rewind” the order of operations.

In particular, for **enqueue**, the paper says it is linearized at the **FAA or CAS that moved `T` past the cell’s index**. If a helper claims an enqueue request, it may complete that request, but it first performs the extra step `advance end for linearizability` so that `T` is updated to stay ahead of the cell where the value will eventually be deposited. This is what keeps the queue order consistent even when a different thread finishes the operation.

At the same time, helpers are allowed to finish other threads’ operations via a helping scheme, but they are disciplined by invariants such as:

- a helper keeps helping a peer until that peer’s request changes or finishes,
- a helper does not help the same thread again until it has helped all other threads,
- an enqueue may only deposit into a cell with index `i < T` when it completes.

So the key idea is: **helping is allowed, but the actual logical effect of an operation is fixed by an atomic advancement of the queue boundary (`T`) and by invariants that prevent helpers from depositing out of order**.",good,"The answer captures the core mechanism correctly: linearizability is preserved by associating enqueue completion with an atomic advance of the tail index T (via FAA/CAS and, for helpers, advance_end_for_linearizability), while helpers may still finish other threads' requests under the paper's helping protocol and invariants. It also correctly notes that helpers are constrained so they cannot violate queue order. This is semantically equivalent to the paper's explanation, even though it simplifies some details and focuses mainly on enqueue rather than both enqueue and dequeue."
"What memory reclamation trick do they use for the segment list, and why does it avoid extra fences on x86?","They use an epoch-based reclamation variant for segments: each thread publishes the segment it is currently using in a hazard-pointer-like field, and retired segments are reclaimed only after all threads have moved past them.

It avoids extra fences on x86 because the protocol relies on an atomic fetch-and-add after publishing the hazard pointer. On x86, atomic primitives already flush the store buffer, so that atomic operation provides the needed ordering; therefore no additional memory fence is required on the fast path.",good,"The paper says they use a custom epoch-based memory reclamation scheme for the segment list, with each thread publishing its head/tail pointer in a hazard pointer and periodically scanning all threads’ head, tail, and hazard pointers to reclaim segments no longer in use. It also says that on x86 this scheme adds no memory fence along common execution paths. The AI answer correctly identifies the epoch-based/hazard-pointer-like reclamation idea and the no-extra-fence-on-x86 consequence. Its explanation that the ordering comes from atomic operations/F&A is a bit more specific than the paper’s wording, but it is consistent with the claim that no extra fence is needed on x86. "
"How does Hoare’s paper define communicating sequential processes, and why are input/output treated as core programming primitives?","Hoare defines **communicating sequential processes (CSP)** as a model in which:

- **Sequential processes** execute concurrently as independent units.
- These processes **do not share global variables for communication**.
- Instead, they communicate through **simple input and output commands**.
- An input in one process and a matching output in another process can **correspond**; when they do, they are **executed simultaneously**, and the value is transferred from the output expression to the input target.

In the paper’s own summary, the essential proposals are:
1. Dijkstra-style guarded commands for sequential control and nondeterminism.
2. A parallel command for concurrent execution of sequential processes.
3. **Input and output commands as the mechanism for communication between concurrent processes**.

Hoare treats input/output as **core programming primitives** because he argues they are not just peripheral device operations, but the most basic way processes interact. They serve as the foundation for:
- **communication between concurrent processes**,
- **modeling real systems** such as card readers and line printers,
- and a **fundamental program structuring method** when combined with parallel composition.

So, in CSP, input/output are central because they make communication explicit and disciplined, replacing ad hoc shared-state interaction with structured process synchronization.",good,"The answer correctly states that CSP consists of concurrent sequential processes that communicate via explicit input/output commands rather than shared global variables, and that matching input/output synchronize and transfer values. It also correctly explains why Hoare treats I/O as primitive: as the basic mechanism for inter-process communication and program structuring. This matches the paper’s definitions and motivation, including the emphasis on input/output as basic primitives and synchronization between processes."
"What is the syntax and idea behind the parallel command in CSP, and how do multiple processes run together without shared updates?","In CSP, the parallel construct is the `||` operator, used to compose processes that execute concurrently, e.g. `P || Q` or more generally `[ P || Q ]` in the book’s notation.

The idea is that the processes run at the same time, each with its own control flow. The paper describes this as multiple processes “execute the same program at the same time” with each maintaining “its own locus of control.”

As for how they run together without shared updates: CSP is based on process synchronization rather than shared mutable state. The processes proceed independently, and interaction happens through synchronization events, not by concurrently writing shared variables. In the CSP setting, the parallel construct is paired with proof obligations about noninterference, meaning each process’s updates are kept separate unless a synchronization rule explicitly connects them.

So, in short:
- **Syntax:** `P || Q` for parallel composition.
- **Idea:** run processes concurrently with separate control states.
- **No shared updates:** processes do not freely share and update common state; coordination is via synchronization, not shared-memory mutation.",bad,"The answer captures the main idea that CSP parallel composition runs processes concurrently and avoids shared-variable communication, but it is not semantically equivalent to the paper’s description in important details. The paper’s syntax is not `||` but a bracketed list of labeled processes like `[P1 || P2]` only as a loose paraphrase; the actual notation is `[process | process]` (with `|` between processes, often shown as `[P :: ... | Q :: ...]`). More importantly, the paper says processes in a parallel command must be disjoint in the sense that no process may mention a variable that is a target variable in any other process, and communication occurs via explicit input/output commands that copy values between processes. The answer instead introduces “proof obligations about noninterference” and “synchronization events” in a generic way, which is not the paper’s key explanation. It also misses that all processes start simultaneously and the parallel command terminates only when all have successfully terminated."
"How do input and output commands synchronize between processes, and what happens if one side isn’t ready or has already terminated?","Input and output commands synchronize by **rendezvous**: if one side becomes ready first, it is **delayed** until the matching command in the other process is also ready.

What happens in the two failure cases:
- **If the other process terminates before matching:** the waiting command **fails**.
- **If one side is not ready and no matching command ever appears:** the delay may never end; this is a **deadlock**.

Also, specifically:
- an **input** command fails if its **source is terminated**
- an **output** command fails if its **destination is terminated** or if its expression is **undefined**.",good,"The answer correctly states that input/output synchronize by rendezvous, that the first-ready side is delayed until the matching command is ready, and that if the other process terminates the waiting command fails. It also correctly mentions deadlock when no matching command ever becomes ready, and includes the paper’s specific failure conditions for input and output commands. This is semantically equivalent to the source."
"How are guarded commands used in this language, especially with input guards and repetitive commands, and how do they affect nondeterminism?","In this language, guarded commands work as follows:

- **A guarded command executes only if its guard succeeds.**  
  The guard is executed first, and only then is the command list executed.

- **Input guards are allowed.**  
  An input-guarded command is selected only when the named source is ready to perform the matching output. If several input guards in a set of alternatives are ready, **only one is chosen**, and the others are ignored.

- **This choice is nondeterministic.**  
  The language specifies that the choice among multiple ready input guards is **arbitrary**. The implementation may prefer one that has been ready longer, but that scheduling preference is not part of the language semantics.

- **Repetitive commands may also have input guards.**  
  If all sources named by the input guards have terminated, then the repetitive command itself terminates.

So, guarded commands introduce nondeterminism mainly through **arbitrary selection among multiple enabled input guards**; repetitive commands inherit this behavior, with the extra rule that they terminate once all their input sources have terminated.",good,"The answer accurately summarizes the paper’s description of guarded commands: guards must succeed before execution, input guards wait for a matching ready output, multiple ready input guards are selected arbitrarily, and repetitive commands with input guards terminate when all relevant sources have terminated. It also correctly notes that nondeterminism comes from arbitrary choice among enabled guards and that implementation may prefer long-waiting outputs without this being semantically significant. This is semantically equivalent to the source answer."
"Can you explain how CSP in the paper models things like coroutines, subroutines, monitors, or the dining philosophers problem?","In the CSP paper, these examples are modeled by representing each object as a process and using rendezvous-style communication plus shared channels to control interaction.

- **Subroutines / coroutines:** the paper says a conventional nonrecursive subroutine can be implemented as a coroutine if its parameters are passed **by value and by result** and it is **disjoint** from its caller. A coroutine can retain local variables and use input commands to simulate **multiple entry points**. A coroutine acting as a subroutine is treated as a **process**.

- **Monitors / shared resources:** the paper models sharing by giving each process its **own set of channels** to the shared resource when the participants are known in advance. It also mentions the **footman** in the dining philosophers story as a shared process used to coordinate access and prevent deadlock. A “shared lackey” is described as serving five masters **one at a time**, which is the sort of serialized access you associate with a monitor-like object.

- **Dining philosophers:** the paper’s solution models:
  - each **philosopher** as a process,
  - each **fork** as a shared resource between neighboring philosophers,
  - the **footman** as another shared process counting how many philosophers are seated.
  
  The footman limits entry to the dining room so that deadlock is avoided. The paper also notes that if the footman is changed to wait until a philosopher has picked up both forks before admitting either neighbor, then it can ensure stronger progress properties.

So, in CSP these programming/concurrency abstractions are not treated as special language primitives; they are expressed as **communicating processes with carefully arranged channels and synchronization**.",bad,"The answer captures the paper’s main idea that CSP models such constructs as communicating processes rather than special primitives, and it correctly mentions subroutines/coroutines as processes with by-value/by-result parameters and multiple entry points, as well as the dining philosophers being modeled by philosopher, fork, and room/footman processes. However, it introduces inaccuracies: the paper does not describe monitors via “shared lackey” or a generic shared-process/channel story in the way stated, and it does not say the footman waits until a philosopher has picked up both forks before admitting neighbors. The key monitor point in the paper is the monitor as a single process communicating with multiple user processes, with guards/ranges used to manage which process may enter. Because of these additions and distortions, the answer is not semantically equivalent."
"How does this Yahoo search ranking paper deal with the semantic gap between user queries and web pages, especially for tail queries with almost no click data?","The paper addresses the semantic gap by explicitly using user behavior data to **transfer signal from head queries to tail queries** and by adding **semantic matching features** that go beyond exact text matching.

From the paper’s description:

- It says the semantic gap between queries and web documents is a major barrier.
- To bridge it, the authors “take full advantage of users’ behavior data” and build **three semantic matching features**:
  1. **Click similarity**
  2. **Translated text matching (TTM)**
  3. **Deep semantic matching (DSM)**

For **tail queries with almost no click data**, the key idea is that the system does **not rely only on direct clicks for that query**. Instead, it **transfers click information from head queries to tail queries** through these features. In particular:

- **Click similarity** helps when there is enough click-graph overlap.
- **TTM** reduces the vocabulary gap by using translation-style matching between query terms and document terms, so relevant documents can match even when they use different words.
- **DSM** also uses click logs in a different way to capture deeper semantic relatedness.

The paper also notes that for tail queries, ordinary user-behavior features are sparse and noisy, and documents may lack anchor text, so these semantic features are introduced specifically to overcome that sparsity.

In short: **the paper handles the semantic gap by leveraging click logs to learn semantic matching signals and by transferring relevance information from frequent head queries to sparse tail queries, rather than depending on direct click data for each tail query.**",good,"The answer is semantically aligned with the paper. The paper indeed says the semantic gap is a main barrier and that clicks are sparse or missing for tail queries. It proposes semantic matching features and query rewriting as key techniques, and the answer correctly emphasizes leveraging user behavior/click data to transfer signals from head queries to tail queries, plus semantic matching beyond exact text. The specific feature names (click similarity, TTM, DSM) are consistent with the paper’s discussion. The only potential issue is that the paper excerpt provided does not explicitly spell out all the operational details of transfer, but the answer’s core claim matches the paper’s stated approach."
"What is LogisticRank in this work, and why does scaling gradients for Perfect/Excellent/Good labels help more than plain binary ranking?","In this work, **LogisticRank** is a **gradient-boosted decision tree ranking method built on logistic loss**.

What it does:
- It first **flattens the labels** into binary classes:
  - **Perfect / Excellent / Good → Positive (+1)**
  - **Fair / Bad → Negative (-1)**
- Then it trains with **logistic loss**.
- The key twist is that it **scales the gradient** for positive labels:
  - **Perfect = 3**
  - **Excellent = 2**
  - **Good/Fair/Bad = 1**
- This means the model does not treat all positive examples equally.

Why this helps more than plain binary ranking:
- **Plain binary ranking** only learns “relevant vs. irrelevant.”
- That is good for filtering out bad URLs, but it **cannot distinguish among Good, Excellent, and Perfect**.
- The paper says LogisticRank uses gradient scaling to **bring the order of Perfect > Excellent > Good back into the model**.
- Since the gradient of logistic loss is **positive for positive labels** and **negative for negative labels**, scaling the positive gradients makes the model **pay more attention to the higher-quality positives**.
- The paper also notes that for **Fair/Bad**, no special scaling is needed because their gradients are already negative.

In short:
- **Binary logistic loss** helps remove bad results.
- **Gradient scaling** lets the model also learn **fine-grained ordering among the positive labels**, which improves ranking quality beyond plain binary classification.",good,"The answer captures the core idea: LogisticRank is a logistic-loss-based ranking approach that converts labels into binary and then scales gradients to emphasize higher-quality positive labels (Perfect/Excellent/Good) so the model learns finer-grained ordering beyond simple relevant/irrelevant classification. However, it adds some potentially unsupported specificity (e.g., gradient values 3/2/1 and details about fair/bad) that are not clearly grounded in the provided excerpt. Still, the main semantic point is correct and complete: scaling positive-label gradients helps preserve the order among graded relevance labels, which plain binary ranking cannot do."
"Why do they add contextual reranking after the first ranking stage, and what kind of features does that second stage use?","They add contextual reranking because the first-stage ranker only uses query–URL pair features and ignores information from the other candidate results. The reranking stage runs after the top results have been merged onto one machine and trimmed to about the top 30, which makes it feasible to compute features from the whole result set.

The second stage uses contextual features derived from the top results, including:
- rank-based features
- mean of feature values over the top results
- variance of feature values over the top results
- normalized features using mean and standard deviation
- topic-model features, where the topical distributions of the top results are aggregated and compared with each individual result

It also uses the ranks and ranking scores from the core-ranking phase, and the paper notes that reranking is mainly meant to better distinguish among already relevant results rather than filter out bad ones.",good,"The answer is semantically aligned with the paper. It correctly explains that contextual reranking is added because the first-stage ranker only considers query-URL features and does not capture information from the surrounding candidate set, so a second stage can use the whole top-result context after trimming to a manageable number of candidates. It also correctly identifies the second-stage feature types: rank-based features, statistics like mean/variance and normalized versions of feature values over the top results, and topic-model/contextual similarity features. Mentioning ranks and core-ranking scores is also consistent with the paper. The extra point about distinguishing already relevant results is compatible with the described purpose."
"How are the three semantic matching features — click similarity, translated text matching, and deep semantic matching — different from each other?","The paper says the three features are all derived from click logs, but they differ in how they use the data:

- **Click similarity (CS):** measures how similar a query and a document are based on user click behavior in the click graph. It is the most directly click-log-based feature.
- **Translated text matching (TTM):** uses **machine translation** ideas on query-title pairs extracted from click graphs to bridge the vocabulary gap between queries and documents.
- **Deep semantic matching (DSM):** learns semantic relationships from click logs in a deeper way than simple click similarity, aiming to capture more abstract query-document meaning.

In short:
- **CS** = direct click-behavior similarity,
- **TTM** = translation-style matching to reduce vocabulary mismatch,
- **DSM** = deeper learned semantic matching from click-log data.

The paper also notes that they **complement each other** and are designed to address different weaknesses of standard text- and behavior-based features.",good,"The answer captures the key distinction among the three features: click similarity as a direct click-log similarity signal, translated text matching as a translation-style bridge for vocabulary mismatch, and deep semantic matching as a deeper learned semantic relation. It also correctly notes that they are complementary. This is semantically aligned with the paper's description."
"How do the query rewriting, recency-sensitive ranking, and location-sensitive ranking parts work together to improve search results in Yahoo Search?","According to the Yahoo Search paper, the three parts work at different stages and on different kinds of queries:

- **Query rewriting** is used in the **base relevance pipeline** to better understand the user’s intent and map the query into a form that matches documents more effectively.
- **Recency-sensitive ranking** is then applied **only when the query is detected as time-sensitive**. It adds an extra **freshness component** to the base rank score, using a **time-sensitive classifier** so that non-recency queries and non-fresh documents are not affected.
- **Location-sensitive ranking** similarly targets **location-sensitive queries**. The paper says a simple distance feature can get buried in a standard learning-to-rank model, so Yahoo uses a **location boosting ranking model** to explicitly promote geographically relevant results.

So, in combination:

1. **Query rewriting improves the initial understanding of the query.**
2. **The base ranker scores results using general relevance.**
3. **If the query is time-sensitive, recency ranking boosts fresher results.**
4. **If the query is location-sensitive, location ranking boosts nearby or geographically relevant results.**

This improves search results by making the system **more context-aware**: it first interprets the query better, then adjusts ranking for special intent types like freshness and location instead of treating all queries the same.",good,"The answer captures the main idea that query rewriting improves base relevance, and that recency-sensitive and location-sensitive ranking are applied for special intent types to boost fresher or geographically relevant results. It also correctly notes that these components are used to make search more context-aware. However, it adds some implementation details not explicitly required by the question (e.g., specific pipeline ordering and classifier/model wording), but these do not contradict the paper and the core answer is correct."
How does QuickCheck actually help catch wrong properties in Haskell code?,"QuickCheck helps catch wrong Haskell properties by **treating a property like a universally quantified claim and trying to refute it with generated test cases**.

From the papers:
- It **generates many random arguments** for the property and checks whether the property holds.
- If it fails, QuickCheck reports a **counterexample**. For example, a mistaken `reverse` law produced:
  - `Falsifiable, after 2 tests: [1,-1] [0]`
  showing concrete inputs where the property is wrong.
- It also **shrinks failing cases** to a smaller counterexample, which makes the bug easier to understand and fix.
  - One paper describes shrinking a failing example down to a **minimal failing case**.
  - Another says shrinking “makes the step from automated testing to locating a fault very short indeed.”

So in practice, QuickCheck catches wrong properties by:
1. generating lots of test inputs,
2. finding a counterexample when the property is false,
3. shrinking that counterexample to something small and informative.

This is especially useful because it often reveals **mistakes in the property itself**, not just in the code—like swapping `xs` and `ys` on one side of a law.",good,"The answer correctly explains that QuickCheck helps catch wrong properties by generating random test inputs, falsifying properties with concrete counterexamples, and shrinking failing cases to a smaller, more understandable form. It also correctly notes that QuickCheck can reveal mistakes in the property statement itself, such as the reversed `xs` and `ys` example from the paper. This matches the paper’s explanation of QuickCheck as a tool for rapidly checking candidate laws and exposing incorrect formulations."
What did the skew heap example show about using QuickCheck to test invariants and running time?,"The skew heap example showed that QuickCheck can be used to test both **correctness invariants** and **complexity-related properties**:

- First, it tested the **heap invariant** and found that sequences of inserts and deletions preserved it.
- It then tested a stronger **balance property** and found a counterexample, showing that skew heaps are **not strictly balanced**.
- Finally, it tested a weaker property: that nodes are “good” enough to guarantee **logarithmic amortized running time** for `insert` and `merge`.

The key lesson was that QuickCheck helped discover that the usual balance invariant was too strong, and that the actual efficiency argument relies on a more subtle **amortized complexity** property rather than strict balance.",good,"The answer captures the main point of the skew heap example: QuickCheck was used to test invariants and then a running-time-related property, revealing that the initial balance invariant was too strong and that amortized complexity required a subtler property. It correctly mentions the heap invariant, the failed balance property, and the weaker property supporting logarithmic amortized time. This is semantically equivalent to the paper’s explanation."
Why does QuickCheck need custom generators and shrinking for state-machine tests in Erlang?,"QuickCheck needs custom generators and shrinking for Erlang state-machine tests because the tests are not just simple input-output checks; they are sequences of state-dependent commands, and both generation and reduction have to respect that state.

From the paper:

- A **command generator** is needed to choose commands appropriate for the current state.
- A **precondition** is kept separate because:
  - the generator may produce a wider range of commands than are actually valid, and
  - during **shrinking**, earlier commands can be removed, so later commands may be replayed in a different state than the one they were generated in.
- Therefore, the test framework must be able to re-check whether a command is still valid after shrinking.

The paper also shows why shrinking is important in Erlang state-machine testing:

- A failing test may be a long command sequence, but shrinking can reduce it to a minimal counterexample.
- In the example, a 41-command failure shrank down to a single `unregister(a)` call, making the bug much easier to understand.
- But because shrinking can delete commands, the remaining sequence may become invalid unless the model and preconditions are designed to handle that.

So the short answer is: **custom generators are needed because valid commands depend on evolving state, and custom shrinking is needed because minimizing a failing sequence can change that state and invalidate commands unless the model explicitly accounts for it.**",good,"The answer captures the key point from the paper: state-machine tests involve sequences of state-dependent commands, so ordinary generators are insufficient; custom generators and separate preconditions are needed to generate valid commands, and shrinking can delete commands so later commands may be in a different state and must be revalidated. It also correctly notes the usefulness of shrinking for reducing long failing sequences to minimal counterexamples. This is semantically equivalent to the expected answer."
How can property-based testing uncover bugs in a network protocol implementation like the Media Proxy?,"Property-based testing can uncover bugs in a network protocol implementation like the Media Proxy by generating many **valid message sequences** and checking that the implementation’s responses satisfy the protocol properties.

From the paper:

- QuickCheck was used to generate **sequences of Megaco messages** sent to the Media Proxy.
- The test checked that the Proxy’s **replies were valid**.
- Even though the sequences were valid according to the specification, QuickCheck still found **four errors** this way.

Examples of bugs it uncovered include:

- **Add followed by Modify** on a single termination caused a **crash** because the code assumed each media stream had two ends.
- Other valid sequences revealed **wrong behavior** that normal tests had missed.
- When they tested an older version, QuickCheck found **nine errors in six hours**, showing that the same properties could expose many different faults.

So the key idea is:

1. **Model the protocol’s valid behavior as properties**
2. **Randomly generate many legal message sequences**
3. **Check the implementation against the properties**
4. **Use shrinking** to reduce failing tests to minimal bug-triggering sequences

This can reveal bugs that only appear under specific protocol interactions, state transitions, or rare command orderings.",good,"The answer correctly explains that property-based testing uncovers bugs by generating many valid protocol message sequences, checking responses against protocol properties, and shrinking failures to minimal cases. It also correctly mentions the Media Proxy example and cites the kinds of bugs found (e.g., Add followed by Modify causing a crash). This matches the paper’s main point and specific evidence."
What’s the main difference between ordinary regression tests and QuickCheck-style properties?,"Ordinary regression tests are usually specific, previously written example cases meant to catch a bug that has already been found. QuickCheck-style properties specify a general law or invariant, and the tool generates many random test cases to check that property across a wide range of inputs.

So the main difference is:

- Regression tests = concrete examples
- QuickCheck properties = universal properties tested by generated cases

As one paper puts it, QuickCheck “tests universally quantified properties, instead of single test cases,” and properties “cover the general case rather than one or more examples.”",good,"The answer correctly contrasts regression tests as concrete, previously written examples aimed at guarding against known bugs with QuickCheck-style properties as general laws/invariants checked over many randomly generated cases. This matches the paper’s emphasis that QuickCheck focuses on properties rather than individual test cases, and that regression testing mainly re-runs fixed tests to prevent reintroducing known errors."
"Why did the software VMM sometimes beat the hardware-assisted one on x86, even though the CPU had virtualization support?","The paper says the software VMM could sometimes outperform the hardware-assisted one on x86 because hardware support made the VMM more “stateless” and exit-heavy.

Main reasons given:
- **VM exits were expensive**: hardware virtualization was fast when the guest stayed inside the VM, but every exit/entry transition cost a lot.
- **State reconstruction overhead**: after a hardware exit, the VMM often had to **rebuild guest state** by reading many control fields and sometimes **decode the exiting instruction**.
- **Less flexibility in hardware mode**: the software VMM had more room to use optimizations and adaptations, while the hardware-assisted design was narrower and more trap-and-emulate oriented.
- **MMU-related operations could favor software**: the paper even speculates that, in some cases, a “perfect” hardware microarchitecture could still lag the software VMM for MMU work because of the overhead of handling exits and reconstructing state.

So the short answer is: **hardware support reduced some costs, but it introduced high exit and state-management overheads, and the software VMM’s optimized binary translation/path could avoid or better amortize those costs.**",good,"The answer captures the paper’s main explanation: hardware-assisted virtualization often lost because VM exits/entries were expensive, state reconstruction after exits added overhead, and the software VMM had more flexible optimizations (especially around MMU-related work). This is semantically aligned with the paper’s stated reasons, though it emphasizes statelessness and general exit overhead rather than the paper’s headline MMU-virtualization issue. Still, it does not contradict the paper and preserves the key point that hardware support did not guarantee better performance because of costly transitions and less flexible software/hardware interaction."
What were the main reasons the first-gen hardware virtualization didn’t give a clear speed win over binary translation?,"The paper says first-generation hardware virtualization did **not** clearly beat binary translation because the trade-offs were mixed, not uniformly in hardware’s favor:

- **Hardware exited too often, and exits were expensive.** For I/O, process creation, and rapid context switching, the hardware VMM suffered from costly traps/exits.
- **Binary translation could avoid many traps.** BT replaced many privileged-instruction traps with cheaper callouts, and sometimes avoided callouts entirely with in-TC emulation.
- **BT had faster emulation for trapped instructions.** It could pass a **predecoded guest instruction** to the emulation routine, while hardware had to fetch and decode the instruction after trapping.
- **BT handled frequent sensitive operations better.** The paper notes that even after simple BT removed traps from privileged instructions, **non-privileged loads/stores accessing sensitive data** still caused traps, and adaptive BT could largely eliminate these too.
- **Hardware’s strengths were narrower.** It preserved code density and let some system calls run without VMM intervention, but it had less flexibility than software to adapt to workload behavior.

In short: **hardware direct execution was not enough to offset the high cost of exits and emulation**, while binary translation could reduce or bypass many of those costs.",bad,"The answer captures the paper’s main point that first-gen hardware virtualization did not clearly outperform binary translation because hardware exits/traps were expensive and BT could avoid many of them with cheaper callouts/in-TC emulation. It also correctly mentions BT’s faster emulation due to predecoded instructions and the limited flexibility of hardware. However, the paper’s explicit primary reason is MMU virtualization: hardware support lacked MMU virtualization and did not coexist well with software MMU techniques. The answer mentions MMU-related sensitive data only indirectly, but it does not clearly state that this was one of the two primary reasons identified in the abstract/conclusion. Since that is a central point of the question, the answer is somewhat incomplete."
How does the paper explain the role of MMU virtualization and shadow page tables in the performance gap?,"The paper says the performance gap is largely explained by the cost of **MMU virtualization**, especially the need to maintain **shadow page tables**.

In the software-based approach, the VMM has to keep shadow PTEs consistent with guest PTEs. That introduces overhead from:

- **trace faults** used to detect and prevent incoherence,
- **hidden page faults** when shadow mappings are missing,
- and **context-switch/prevalidation costs** if the shadow tables must be rebuilt for a new guest context.

The paper describes this as a difficult three-way trade-off, and says it is **critical to VMM performance**.

It also notes that with full virtualization on x86, the MMU must effectively translate **guest virtual → guest physical → host physical**, so the hypervisor often has to emulate or intercept page-table updates. This makes operations like creating new address spaces especially expensive.

So, in short: the paper attributes the gap to the **extra software work required to virtualize the MMU and keep shadow page tables coherent**, which adds significant overhead compared with native execution.",good,"The answer correctly identifies MMU virtualization and shadow page table maintenance as the source of the performance gap, and mentions the key overheads from traces, hidden page faults, and context-switch/prevalidation costs. It also captures that this trade-off is central to performance. However, it does not explicitly mention the paper’s specific point that current hardware support lacks MMU virtualization support and therefore cannot co-exist well with existing software MMU techniques, but the core explanation is still semantically aligned."
"In the benchmarks, which kinds of workloads favored BT and which ones looked better on VT?","BT was favored by workloads that did a lot of I/O, created processes, or switched contexts rapidly. VT looked better on workloads rich in system calls. Both BT and VT performed well on compute-bound workloads.",good,"The answer matches the paper’s summary: BT tends to outperform VT on I/O-heavy, process-creation, and rapid context-switch workloads, while VT is better for system-call-heavy workloads; compute-bound workloads are near native on both. This conveys the key comparison asked."
"What is nested paging, and why does the paper think it could close the gap between software and hardware virtualization?","Nested paging is a hardware mechanism for MMU virtualization in which the VMM maintains a second page table that translates **guest physical addresses to host physical addresses**. So a guest address translation becomes a two-stage mapping:

- **guest virtual → guest physical** via the guest’s own page tables
- **guest physical → host physical** via the nested page table

The paper says it could close the gap between software and hardware virtualization because it removes two major sources of overhead in current hardware-assisted VMMs:

1. **Trace overheads**: the VMM no longer needs to intervene for many memory-management events.
2. **Guest context-switch intervention**: the guest can switch contexts without VMM help.

The paper also argues that the main downside of nested paging—**slower TLB misses**, since a worst-case miss may require \( M \times N \) memory accesses for an \(M\)-level guest page table on an \(N\)-level nested page table—should be manageable with standard hardware techniques like large, associative, multilevel TLBs and caching.

So the paper’s view is: nested paging shifts a bit of cost to address translation, but it eliminates much larger software overheads, which could make hardware virtualization performance much closer to software virtualization.",good,"The answer correctly explains nested paging as a second-level page table that translates guest physical addresses to host physical addresses, composed with the guest's own virtual-to-physical translation. It also correctly states why the paper sees it as promising: it can eliminate trace overheads and allow guest context switches without VMM intervention, thereby reducing the main MMU-virtualization costs that make hardware VMM slower than software VMM. The mention of slower TLB misses and the MxN worst-case access cost is also faithful to the paper's discussion. Semantically equivalent to the expected answer."
